Manmino,English,Function,Origin,Korean,Japanese,Sanskrit,Chinese,Malaysian,Indonesian,Javanese,Tagalog,Khmer,Lao,Thai,Turkish,Arabic,Spanish,Portuguese,Mongolian,Vietnamese
a,I (the first person pronoun).,Objects and Concept,Sinitic,,,,我,,,,,,,,,,,,,
aa,"an interjection. Pronounced like ""a"" but extended; higher in pitch; or otherwise more emphasized.",Particle,a priori,,,,,,,,,,,,,,,,,
aca,morning,Objects and Concept,Koreo-Japonic,아침,あさ,,,,,,,,,,,,,,,
aca (ji) sikko,breakfast,Objects and Concept,Compound,,,,,,,,,,,,,,,,,
aka,baby; infant; toddler,Objects and Concept,Koreo-Japonic,아가,あかちゃん,,,,,,,,,,,,,,,
aki,autumn; fall,Objects and Concept,Koreo-Japonic,,あき,,,,,,,,,,,,,,,
aksala,alphabet; abugida,Objects and Concept,Sanskrit,,,अक्षर (akṣara),,,,,,,,,,,,,,
alkohol,alcohol,Objects and Concept,Arabic,,,,,,,,,,,,,,,,,
alon,wave,Objects and Concept,Austronesian,,,,,alun,alun,alun,alon,,,,,,,,,
along,color / stain,Quality,Koreo-Japonic,알록,いろ,,,,,,,,,,,,,,,
amahi,yummy; tasty; sweet,Quality,Koreo-Japonic,맛있다,うまい,,,,,,,,,,,,,,,
amelika,America (continent); the United States of America,Objects and Concept,Western: English,,,,,,,,,,,,,,,,,
amelika maya,Maya (an umbrella term for multiple ethnic groups in Central America),Objects and Concept,Western: Spanish,,,,,,,,,,,,,,maya,,,
angeng,eyeglasses,Objects and Concept,Sinitic,,,,眼鏡,,,,,,,,,,,,,
andeng,stable,Quality,Sinitic,,,,安定,,,,,,,,,,,,,
ang'in,wind,Objects and Concept,Austronesian,,,,,angin,angin,,hangin,,,,,,,,,
anjwen,safe,Quality,Sinitic,,,,安全,,,,,,,,,,,,,
anmen,face (human),Objects and Concept,Sinitic,,,,顔面,,,,,,,,,,,,,
anben,shore,Objects and Concept,Sinitic,,,,岸邊,,,,,,,,,,,,,
anumi,darkness,Objects and Concept,Koreo-Japonic,어둠,やみ,,,,,,,,,,,,,,,
apae,forward; before; ahead; front,Quality,Koreo-Japonic,앞,まえ,,,,,,,,,,,,,,,
apjadu,abjad,Objects and Concept,Arabic,,,,,,,,,,,,,,,,,
apwi,fire,Objects and Concept,Austronesian,,,,,api,api,,,,,,,,,,,
apwiboti,Mars,Objects and Concept,Compound,,,,,,,,,,,,,,,,,
apwihali,tuesday,Objects and Concept,Compound,,,,,,,,,,,,,,,,,
apwiko,hearth; fire place; cooking heat,Objects and Concept,Compound,,,,,,,,,,,,,,,,,
asu,dog; puppy,Objects and Concept,Austronesian,,,,,asu,asu,,aso,,,,,,,,,
ata,"eight (standalone; also see ""bat"")",Objects and Concept,Sanskrit,,,अष्ट aṣṭá,,,,,,,,,,,,,,
atwi,backward; after; behind,Quality,Koreo-Japonic,뒤,あと,,,,,,,,,,,,,,,
awan,cloud,Objects and Concept,Austronesian,,,,,awan,awan,,,,,,,,,,,
ay,love,Action,Sinitic,,,,愛,,,,,,,,,,,,,
ayam,chicken,Objects and Concept,Austronesian,,,,,ayam,ayam,,,,,,,,,,,
baba,dad; father; papa,Objects and Concept,N/A,,,,,,,,,,,,,,,,,
babey,pig,Objects and Concept,Austronesian,,,,,babi,babi,,baboi,,,,,,,,,
badak,rhino,Objects and Concept,Austronesian,,,,,badak,badak,,,,,,,,,,,
baji; bajila,lightening,Objects and Concept,Sanskrit,,,वज्र (vájra),,,,,,,,,,,,,,
bala,plains; land,Objects and Concept,Koreo-Japonic,벌,はら,,,,,,,,,,,,,,,
bam,evening; night,Objects and Concept,Koreo-Japonic,밤,ばん,,,,,,,,,,,,,,,
bam (ji) sikko,dinner,Objects and Concept,Compound,,,,,,,,,,,,,,,,,
bama,parents,Objects and Concept,Sinitic,,,,父母,,,,,,,,,,,,,
bambu,bamboo,Objects and Concept,Austronesian,,,,,bambu,bambu,,,,,,,,,,,
bomhap,together,Quality,Sinitic,,,,凡合,,,,,,,,,,,,,
bana(l),yes; true; right,Quality,Austronesian,,,,,benar,benar,,banal,,,,,,,,,
banbun,half,Objects and Concept,Sinitic,,,,半分,,,,,,,,,,,,,
banday,stairs; ladder,Objects and Concept,Austroasiatic,,,,,,,,,,ຂັ້ນໄດ,บันได,,,,,,
bang,to; towards; (destination marker); (delative),Particle,Sinitic,,,,方,,,,,,,,,,,,,
bang,stick; staff,Objects and Concept,Sinitic,,,,棒,,,,,,,,,,,,,
banmay,sell; trade,Action,Sinitic,,,,販賣,,,,,,,,,,,,,
basu,bus,Objects and Concept,Western: English,,,,,,,,,,,,,,,,,
bat,"eight (compounds; also see ""asata"")",Objects and Concept,Sinitic,,,,八,,,,,,,,,,,,,
bat,from; (origin marker); (ablative),Particle,Sinitic,,,,發,,,,,,,,,,,,,
batgaw,fermenting,Action,Sinitic,,,,醱酵,,,,,,,,,,,,,
batgen,find; discover,Action,Sinitic,,,,發見,,,,,,,,,,,,,
batu,rock,Objects and Concept,Austronesian,,,,,batu,batu,,,,,,,,,,,
bawang,Alliums,Objects and Concept,Austronesian,,,,,bawang,bawang,,,,,,,,,,,
bawho,protect; cherish,Action,Sinitic,,,,保護,,,,,,,,,,,,,
bawyu,have; possess,Action,Sinitic,,,,保有,,,,,,,,,,,,,
bay,cup,Objects and Concept,Sinitic,,,,杯,,,,,,,,,,,,,
bay,back,Objects and Concept,Sinitic,,,,背,,,,,,,,,,,,,
baybek,lose,Action,Sinitic,,,,敗北,,,,,,,,,,,,,
bek,hundred,Objects and Concept,Sinitic,,,,百,,,,,,,,,,,,,
bekhap,lily; lesbian (slang),Objects and Concept,Sinitic,,,,百合,,,,,,,,,,,,,
bekhongsyek,pink,Quality,Sinitic,,,,白虹色,,,,,,,,,,,,,
beksyek,white,Quality,Sinitic,,,,白色,,,,,,,,,,,,,
ben,change; edit; alter,Action,Sinitic,,,,變,,,,,,,,,,,,,
benci,hate,Quality,Austronesian,,,,,benci,benci,,,,,,,,,,,
beng,sick; illness,Objects and Concept,Sinitic,,,,病,,,,,,,,,,,,,
benghwan,hospital,Objects and Concept,Sinitic,,,,病院,,,,,,,,,,,,,
bengtan,flat; smooth; horizontal,Quality,Sinitic,,,,平坦,,,,,,,,,,,,,
bengtan senghwa,lie (down); lay,Action,Compound,,,,,,,,,,,,,,,,,
bentay,perverse; hentai; pervert,Quality,Sinitic,,,,變態,,,,,,,,,,,,,
bey,"contraction of ""but cey""",Action,Compound,,,,,,,,,,,,,,,,,
bey; bet,close; shut,Action,Sinitic,,,,閉,,,,,,,,,,,,,
bi'amahi,bland; tasteless,Quality,Compound,,,,,,,,,,,,,,,,,
bian,"see ""palamita""; ""bi'an ji candala""; or ""bi'anhwa""",Objects and Concept,Sinitic,,,,彼岸,,,,,,,,,,,,,
bianhwa,red spider lily,Objects and Concept,Sinitic,,,,彼岸花,,,,,,,,,,,,,
biay,sad; sorrow; grief,Quality,Sinitic,,,,悲哀,,,,,,,,,,,,,
bigaw,compare; comparison,Action,Sinitic,,,,比較,,,,,,,,,,,,,
bihenggi,airplane,Objects and Concept,Sinitic,,,,飛行機,,,,,,,,,,,,,
bikali,shine; glow; light,Objects and Concept,Koreo-Japonic,빛,ひかり,,,,,,,,,,,,,,,
bikon,tired; exhausted,Quality,Sinitic,,,,疲困,,,,,,,,,,,,,
binkon,poor,Quality,Sinitic,,,,貧困,,,,,,,,,,,,,
bit,must,Action,Sinitic,,,,必,,,,,,,,,,,,,
bityaw,need,Action,Sinitic,,,,必要,,,,,,,,,,,,,
bobo,stupid,Quality,Austronesian,,,,,,,,bobo,,,,,,,,,
boksu,box,Objects and Concept,Western: English,,,,,,,,,,,,,,,,,
bokul,boil,Action,Sound-based,,,,,,,,,,,,,,,,,
boncaw,herbs,Objects and Concept,Sinitic,,,,本草,,,,,,,,,,,,,
bongmit,honey,Objects and Concept,Sinitic,,,,蜂蜜,,,,,,,,,,,,,
boti,star,Objects and Concept,Koreo-Japonic,별,ほし,,,,,,,,,,,,,,,
bu'e,boat; ship,Objects and Concept,Koreo-Japonic,배,ふね,,,,,,,,,,,,,,,
bulengket,blanket,Objects and Concept,Western: English,,,,,,,,,,,,,,,,,
bun,minute,Objects and Concept,Sinitic,,,,分,,,,,,,,,,,,,
bunga,flower,Objects and Concept,Austronesian,,,,,bunga,bunga,,,,,,,,,,,
buni,sound; noise,Objects and Concept,Austronesian,,,,,bunyi,bunyi,,bunyi,,,,,,,,,
bunsyek,analyze; (linguistics) Analytic,Action,Sinitic,,,,分析,,,,,,,,,,,,,
busana,fashion,Objects and Concept,Sanskrit,,,भूषण (bhūṣaṇa),,,,,,,,,,,,,,
butaw,dislike,Action,Sinitic,,,,不好,,,,,,,,,,,,,
butdan,not only (compounding clause conjunction),Particle,Sinitic,,,,不但,,,,,,,,,,,,,
buthaw,dislike,Action,Sinitic,,,,不好,,,,,,,,,,,,,
butkasi'i,mysterious,Quality,Sinitic,,,,不可思議,,,,,,,,,,,,,
bungat,"to separate; divide (see also ""kelu"")",Action,Sinitic,,,,分割,,,,,,,,,,,,,
butgwijekdek,irregular; abnormal; irratic,Quality,Sinitic,,,,不規則的,,,,,,,,,,,,,
buwaya,croc/allegator,Objects and Concept,Austronesian,,,,,buaya,buaya,,buwaya,,,,,,,,,
byuyu,rich; wealthy,Quality,Sinitic,,,,富有,,,,,,,,,,,,,
byusyang,injure; get hurt,Action,Sinitic,,,,負傷,,,,,,,,,,,,,
ja,left,Quality,Sinitic,,,,左,,,,,,,,,,,,,
ca'i,difference,Objects and Concept,Sinitic,,,,差異,,,,,,,,,,,,,
jak,make,Action,Sinitic,,,,作,,,,,,,,,,,,,
calat,smart,Quality,Austroasiatic,,,,,,,,,ឆ្លាត,,ฉลาด,,,,,,
calenji,challenge,Objects and Concept,Western: English,,,,,,,,,,,,,,,,,
camuk,chew; crush (in mouth),Action,Sound-based,,,,,,,,,,,,,,,,,
can,plate,Objects and Concept,Austroasiatic,,,,,,,,,ចាន,ຈານ,จาน,,,,,,
canda; candala,month; moon,Objects and Concept,Sanskrit,,,चन्द्र (candrá),,,,,,,,,,,,,,
candahali,monday,Objects and Concept,Compound,,,,,,,,,,,,,,,,,
cata,"six (staldalone; also see ""luk"")",Objects and Concept,Sanskrit,,,षष्ठ ṣaṣṭhá,,,,,,,,,,,,,,
catul,"four (standalone; also see ""si"")",Objects and Concept,Sanskrit,,,चतुर् cátur,,,,,,,,,,,,,,
caw,super; very (informal),Quality,Sinitic,,,,超,,,,,,,,,,,,,
cawwat,surpass; go beyond; overcome; transcend,Quality,Sinitic,,,,超越,,,,,,,,,,,,,
caya,shadow,Objects and Concept,Sanskrit,,,छाया chāyā,,,,,,,,,,,,,,
caycu,harvest; collect; gather,Action,Sinitic,,,,採取,,,,,,,,,,,,,
jeknyo,weaver woman; Vega (in Chinese Cosmology),Objects and Concept,Sinitic,,,,織女,,,,,,,,,,,,,
cen,thousand,Objects and Concept,Sinitic,,,,千,,,,,,,,,,,,,
ceng,please; request,Action,Sinitic,,,,請,,,,,,,,,,,,,
cenglamsyek,blue,Quality,Sinitic,,,,靑覽色,,,,,,,,,,,,,
cengsyek,green,Quality,Sinitic,,,,靑綠色,,,,,,,,,,,,,
cengloksyek,blue-green,Quality,Sinitic,,,,靑色,,,,,,,,,,,,,
cetcu,steal,Action,Sinitic,,,,竊取,,,,,,,,,,,,,
cetmang,despair,Objects and Concept,Sinitic,,,,切望,,,,,,,,,,,,,
cey,to be,Action,N/A,,,,,,,,,,,,,,,,,
jeyhan,limited; restricted,Quality,Sinitic,,,,制限,,,,,,,,,,,,,
jeygi,the following; next,Objects and Concept,Sinitic,,,,次期/箚記,,,,,,,,,,,,,
cici,breasts (informal; infantile),Objects and Concept,Koreo-Japonic,젖,ちち,,,,,,,,,,,,,,,
ciciko,nipple,Objects and Concept,Koreo-Japonic,,,,,,,,,,,,,,,,,
cicimi,sparrow,Objects and Concept,Compound,짹짹,すずめ,,,,,,,,,,,,,,,
jihongsyek,purple,Quality,Sinitic,,,,紫紅,,,,,,,,,,,,,
cimsang,bed,Objects and Concept,Sinitic,,,,寢床; 寢牀,,,,,,,,,,,,,
cincet,kind; friendly; nice (personality),Quality,Sinitic,,,,親切,,,,,,,,,,,,,
cingi,herder,Objects and Concept,Altaic,치기,飼(か)う,,,,,,,,,,,,,,малчин,
cinyu,friend,Objects and Concept,Sinitic,,,,親友,,,,,,,,,,,,,
cisyang,stab,Action,Sinitic,,,,刺傷,,,,,,,,,,,,,
cit,"seven (compounds; see also ""sapta"")",Objects and Concept,Sinitic,,,,七,,,,,,,,,,,,,
cita,mind,Objects and Concept,Sanskrit,,,चित्त (citta),,,,,,,,,,,,,,
cita ji beng,mental illness,Objects and Concept,Compound,,,,,,,,,,,,,,,,,
citawidya; citawitya,psychology,Objects and Concept,Sanskrit,,,चित्त + विद्या (citta + vidyā),,,,,,,,,,,,,,
co,that,Objects and Concept,N/A,,,,,,,,,,,,,,,,,
joba,grandpa; grandfather,Objects and Concept,Sinitic,,,,祖父,,,,,,,,,,,,,
jobama,grandparents; elders,Objects and Concept,Sinitic,,,,祖父母,,,,,,,,,,,,,
codi,there,Objects and Concept,Compound,,,,,,,,,,,,,,,,,
cok,poke; pick at (something); touch,Action,Sinitic,,,,觸,,,,,,,,,,,,,
cokcok,kiss; smooch; peck,Action,Sound-based,,,,,,,,,,,,,,,,,
joma,grandma; grandmother,Objects and Concept,Sinitic,,,,祖母,,,,,,,,,,,,,
cono,wolf,Objects and Concept,Altaic,,,,,,,,,,,,,,,,чоно,
coy,help (intentionally irregular),Action,Sinitic,,,,助,,,,,,,,,,,,,
cu,catch; grab; hunt,Action,Sinitic,,,,取,,,,,,,,,,,,,
cucut,take out; pluck; remove; delete,Action,Sinitic,,,,取出,,,,,,,,,,,,,
cutkow,exit,Objects and Concept,Sinitic,,,,出口,,,,,,,,,,,,,
da,more; many; a lot,Quality,Sinitic,,,,多,,,,,,,,,,,,,
dadwan,short,Quality,Sinitic,,,,多短,,,,,,,,,,,,,
daging,flesh; muscle; meat,Objects and Concept,Austronesian,,,,,daging,daging,,,,,,,,,,,
dagu,chin,Objects and Concept,Austronesian,,,,,dagu,dagu,,,,,,,,,,,
dajang,tall; long,Quality,Sinitic,,,,多長,,,,,,,,,,,,,
daksin,south,Quality,Sanskrit,,,दक्षिण (dákṣiṇa),,,,,,,,,,,,,,
dala,blood,Objects and Concept,Austronesian,,,,,darah,darah,,,,,,,,,,,
dan,but; however; still; only; (prevalant clause conjunction),Particle,Sinitic,,,,但,,,,,,,,,,,,,
danda,punishment; fine,Objects and Concept,Sanskrit,,,दण्ड (daṇḍá),,,,,,,,,,,,,,
danggwa,candy; sweets,Objects and Concept,Sinitic,,,,糖菓,,,,,,,,,,,,,
dasa,"ten (standalone; also see ""sip"")",Objects and Concept,Sanskrit,,,दश dáśa,,,,,,,,,,,,,,
dawdat,arrive,Action,Sinitic,,,,到達,,,,,,,,,,,,,
dawgu,tools,Objects and Concept,Sinitic,,,,道具,,,,,,,,,,,,,
dawlo,street; road; path,Objects and Concept,Sinitic,,,,道路,,,,,,,,,,,,,
dawmang,flee; run away; escape,Action,Sinitic,,,,逃亡,,,,,,,,,,,,,
day,big; large,Quality,Sinitic,,,,大,,,,,,,,,,,,,
day,wait,Action,Sinitic,,,,待,,,,,,,,,,,,,
daygun,archduke; prince consort; prince,Objects and Concept,Sinitic,,,,大君,,,,,,,,,,,,,
dayhak,college; university,Objects and Concept,Sinitic,,,,大學,,,,,,,,,,,,,
dayho,lake; inland sea,Objects and Concept,Sinitic,,,,大湖,,,,,,,,,,,,,
daysigwan,embassy,Objects and Concept,Sinitic,,,,大使館,,,,,,,,,,,,,
dek,like; as; (nominal adjective marker),Particle,Sinitic,,,,的,,,,,,,,,,,,,
dek-sap,adjective; quality,Objects and Concept,Compound,,,,,,,,,,,,,,,,,
dekbet,particular; special,Quality,Sinitic,,,,特別,,,,,,,,,,,,,
denghwangsyek,orange (color),Quality,Sinitic,,,,橙黃色,,,,,,,,,,,,,
dengji,stop; end; cease; turn off,Action,Sinitic,,,,停止,,,,,,,,,,,,,
denba,electric waves,Objects and Concept,Sinitic,,,,電波,,,,,,,,,,,,,
deydey,younger brother,Objects and Concept,Sinitic,,,,弟弟,,,,,,,,,,,,,
digyu,earth (planet),Objects and Concept,Sinitic,,,,地球,,,,,,,,,,,,,
ding'in,cold; chilled,Quality,Austronesian,,,,,dingin,dingin,,,,,,,,,,,
dok,read,Action,Sinitic,,,,讀,,,,,,,,,,,,,
dokta,doctor; someone with a doctrate degree,Objects and Concept,Western: English,,,,,,,,,,,,,,,,,
dolong,mud; dirty,Quality,Koreo-Japonic,더러,どろ,,,,,,,,,,,,,,,
dong'i,to agree; to accept,Action,Sinitic,,,,同意,,,,,,,,,,,,,
dongdeng,same; equal,Quality,Sinitic,,,,同等,,,,,,,,,,,,,
dongmut,animal,Objects and Concept,Sinitic,,,,動物,,,,,,,,,,,,,
dongmut'wan,zoo,Objects and Concept,Sinitic,,,,動物園,,,,,,,,,,,,,
dosyog'wan,library,Objects and Concept,Sinitic,,,,圖書館,,,,,,,,,,,,,
dowjek,throw,Action,Sinitic,,,,投擲,,,,,,,,,,,,,
dowjek (ji) pisaw,spear,Objects and Concept,Compound,,,,,,,,,,,,,,,,,
downaw,brain,Objects and Concept,Sinitic,,,,頭腦,,,,,,,,,,,,,
duka,Sad; painful; (emotionally) difficult; sorrowful,Qual,Sanskrit,,,दुःख (duḥkhá),,,,,,,,,,,,,,
dwa,"two (stadalone; also see ""ni"")",Objects and Concept,Sanskrit,,,द्व dvá,,,,,,,,,,,,,,
dyawyak,jump,Action,Sinitic,,,,跳躍,,,,,,,,,,,,,
dyawmu,dance,Action,Sinitic,,,,跳舞,,,,,,,,,,,,,
eka,"one (standalone; also see ""it"")",Objects and Concept,Sanskrit,,,एक éka,,,,,,,,,,,,,,
yeknit,tomorrow,Objects and Concept,Sinitic,,,,翌日,,,,,,,,,,,,,
em,(verbal/adjectival noun marker),Particle,Compound,임,,,,an,an,,,,,,,,,,,
em,"negative energy (also see ""yang"")",Quality,Sinitic,,,,陰,,,,,,,,,,,,,
eng'ong,hero,Objects and Concept,Sinitic,,,,英雄,,,,,,,,,,,,,
eng'wan,eternity,Quality,Sinitic,,,,永遠,,,,,,,,,,,,,
eng'wan,forever,Objects and Concept,Sinitic,,,,永遠,,,,,,,,,,,,,
enki,smoke,Objects and Concept,Sinitic,,,,煙氣,,,,,,,,,,,,,
enmu,mist; fog,Objects and Concept,Sinitic,,,,煙霧,,,,,,,,,,,,,
esipanya,spain,Objects and Concept,Western: Spanish,,,,,,,,,,,,,,,,,
fao bawang,green onions,Objects and Concept,Compound,,,,,,,,,,,,,,,,,
biheng,fly,Action,Sinitic,,,,飛行,,,,,,,,,,,,,
fone,bone,Objects and Concept,Koreo-Japonic,뼈,,,,,,,,,,,,,,,,
fulanse,France,Objects and Concept,Western:French,,,,,,,,,,,,,,,,,
fulanseo,french (language),Objects and Concept,Compound,,,,,,,,,,,,,,,,,
fum; fumu,(Only for translations from Japanese) fluffy,Quality,Japanese,,もふ,,,,,,,,,,,,,,,
fuwa,soft; fluffy,Quality,Koreo-Japonic,,ふわふわ,,,,,,,,,,,,,,,
ga'o,river,Objects and Concept,Koreo-Japonic,개울,かわ,,,,,,,,,,,,,,,
gaji,value; worth; price,Objects and Concept,Sinitic,,,,價值,,,,,,,,,,,,,
gadek,house; home,Objects and Concept,Sinitic,,,,家宅,,,,,,,,,,,,,
gaja,elephant,Objects and Concept,Sanskrit,,,गज (gaja),,,,,,,,,,,,,,
gam,gold,Objects and Concept,Sinitic,,,,金,,,,,,,,,,,,,
gam'ensya,thank you,,N/A,,,,,,,,,,,,,,,,,
gamgak,feel; sense,Action,Sinitic,,,,感覺,,,,,,,,,,,,,
gamjiboti,Venus,Objects and Concept,Compound,,,,,,,,,,,,,,,,,
gamjihali,friday,Objects and Concept,Compound,,,,,,,,,,,,,,,,,
gamsya,thank; thanking,Action,Sinitic,,,,感謝,,,,,,,,,,,,,
gandan,easy; simple,Quality,Sinitic,,,,簡單,,,,,,,,,,,,,
ganglek,strong,Quality,Sinitic,,,,強力,,,,,,,,,,,,,
ganitasata,math,Objects and Concept,Sanskrit,,,गणित  + शास्त्र (gaṇita + śāstra),,,,,,,,,,,,,,
gawgaw,high school,Objects and Concept,Sinitic,,,,高校,,,,,,,,,,,,,
ge'im,game,Objects and Concept,Western: English,,,,,,,,,,,,,,,,,
geli,almost,Quality,Koreo-Japonic,거의,ぎり,,,,,,,,,,,,,,,
geng,through,Particle,Sinitic,,,,經,,,,,,,,,,,,,
genki,(in context of media translated from Japanese) full-feeling; feeling good,Objects and Concept,Sinitic,,,,元氣,,,,,,,,,,,,,
gimnit,today,Objects and Concept,Sinitic,,,,今日,,,,,,,,,,,,,
gimsi,now,Objects and Concept,Sinitic,,,,今時,,,,,,,,,,,,,
gimya,tonight,Objects and Concept,Sinitic,,,,今夜,,,,,,,,,,,,,
ginjep,near,Quality,Sinitic,,,,近接,,,,,,,,,,,,,
ginsi,recently,Objects and Concept,Sinitic,,,,近時,,,,,,,,,,,,,
gisyut,technology,Objects and Concept,Sinitic,,,,技術,,,,,,,,,,,,,
gonggek,to attack,Action,Sinitic,,,,攻擊,,,,,,,,,,,,,
gulu,thunder,Objects and Concept,Austronesian,,,,,guluh,guluh,,,,,,,,,,,
gulu,"teacher (also see ""senseng"")",Objects and Concept,Sanskrit,,,गुरु (gurú),,,,,,,,,,,,,,
gwahan,brave; courageous,Quality,Austroasiatic,,,,,,,,,ហាន,ກ້າ,กล้าหาญ,,,,,,
ha'o,blue-green,Quality,Koreo-Japonic,파란,あお,,,,,,,,,,,,,,,
habuk,dust,Objects and Concept,Austronesian,,,,,habuk,,,,,,,,,,,,
haka,red,Quality,Koreo-Japonic,빨간,あか,,,,,,,,,,,,,,,
hakdem,grade points (school),Objects and Concept,Sinitic,,,,學点,,,,,,,,,,,,,
hakgi,semester; trimester; term,Objects and Concept,Sinitic,,,,學期,,,,,,,,,,,,,
hakgip,class/grade (school),Objects and Concept,Sinitic,,,,學級,,,,,,,,,,,,,
hakgaw,school,Objects and Concept,Sinitic,,,,學校,,,,,,,,,,,,,
haksip,learn; study,Action,Sinitic,,,,學習,,,,,,,,,,,,,
haksyeng,"student (also see ""sisya"")",Objects and Concept,Sinitic,,,,學生,,,,,,,,,,,,,
hali,"sun / day (standalone: also see ""nit"")",Objects and Concept,Austronesian,,,,,,,,,,,,,,,,,
hali (ji) sikko,lunch,Objects and Concept,Compound,,,,,,,,,,,,,,,,,
halimaw,tiger,Objects and Concept,Austronesian,,,,,harimau,harimau,,,,,,,,,,,
hang'at,warm; hot,Quality,Austronesian,,,,,hangat,hangat,,,,,,,,,,,
hangha,to drop; fall,Action,Sinitic,,,,降下,,,,,,,,,,,,,
han'gok,korea,Objects and Concept,Sinitic,,,,韓國,,,,,,,,,,,,,
han'gok'o,korean (language),Objects and Concept,Sinitic,,,,韓國語,,,,,,,,,,,,,
haon,spring,Objects and Concept,Koreo-Japonic,봄,はる,,,,,,,,,,,,,,,
hajeng,downstairs; lower class,Objects and Concept,Sinitic,,,,下層,,,,,,,,,,,,,
hatay,heart,Objects and Concept,Austronesian,,,,,,,,,,,,,,,,,
haw,like,Action,Sinitic,,,,好,,,,,,,,,,,,,
haw,good; pleasing,Quality,Sinitic,,,,好,,,,,,,,,,,,,
hayang,fast; quick; early,Quality,Koreo-Japonic,허영,はやく,,,,,,,,,,,,,,,
hayben,beach,Objects and Concept,Sinitic,,,,海邊,,,,,,,,,,,,,
hayyang,ocean,Objects and Concept,Sinitic,,,,海洋,,,,,,,,,,,,,
heksyek,black,Quality,Sinitic,,,,黑色,,,,,,,,,,,,,
hem,hate,Action,Sinitic,,,,嫌,,,,,,,,,,,,,
henday,modern,Quality,Sinitic,,,,現代,,,,,,,,,,,,,
heng,to do; to go,Action,Sinitic,,,,行,,,,,,,,,,,,,
heng-sap,action; verb,Objects and Concept,Compound,,,,,,,,,,,,,,,,,
hengdey,brothers; siblings in general,Objects and Concept,Sinitic,,,,兄弟,,,,,,,,,,,,,
hengdong,action; move; behavior,Objects and Concept,Sinitic,,,,行動,,,,,,,,,,,,,
heng,older brother,Objects and Concept,Sinitic,,,,兄兄,,,,,,,,,,,,,
heng,shape,Objects and Concept,Sinitic,,,,形態,,,,,,,,,,,,,
hengtay,reality,Objects and Concept,Sinitic,,,,現實,,,,,,,,,,,,,
heta'e,down; below; under,Quality,Koreo-Japonic,밑,した,,,,,,,,,,,,,,,
hi,causative verb marker; where the subject causes the indirect object to perform the action to the direct object,Particle,Koreo-Japonic,C+이,され,,,,,,,,,,,,,,,
hidong,nose,Objects and Concept,Austronesian,,,,,idung,,,hilong,,,,,,,,,
hima,snow,Objects and Concept,Sanskrit,,,हिम (himá),,,,,,,,,,,,,,
hensit,hope,Action,Sinitic,,,,希望,,,,,,,,,,,,,
hing,white,Quality,Koreo-Japonic,하얀,しろ,,,,,,,,,,,,,,,
hing bawang,onions,Objects and Concept,Compound,,,,,,,,,,,,,,,,,
ho,call,Action,Sinitic,,,,呼,,,,,,,,,,,,,
hojaw,pond; swamp,Objects and Concept,Sinitic,,,,湖沼,,,,,,,,,,,,,
hohip,breathe; breath,Action,Sinitic,,,,呼吸,,,,,,,,,,,,,
hok,or; (alternative clause conjunction),Particle,Sinitic,,,,或,,,,,,,,,,,,,
holanda,Holland; The Netherlands,Objects and Concept,Western: Dutch,,,,,,,,,,,,,,,,,
holi,ice,Objects and Concept,Koreo-Japonic,얼음,こおり,,,,,,,,,,,,,,,
holi ujan,hail,Objects and Concept,Compound,,,,,,,,,,,,,,,,,
hongsyek,red,Quality,Sinitic,,,,紅色,,,,,,,,,,,,,
honi,sheep; goat,Objects and Concept,Altaic,,,,,,,,,,,,,,,,хонь,
honlwan,chaos,Objects and Concept,Sinitic,,,,混亂,,,,,,,,,,,,,
howhway,regret,Action,Sinitic,,,,後悔,,,,,,,,,,,,,
hoytak,snail/slug,Objects and Concept,Austroasiatic,,,,,,,,,,ຫອຍ+ທາກ,หอยทาก,,,,,,
hoyul,winter,Objects and Concept,Koreo-Japonic,여울,ふゆ,,,,,,,,,,,,,,,
huca,grass,Objects and Concept,Koreo-Japonic,풀,くさ,,,,,,,,,,,,,,,
hujan,rain,Objects and Concept,Austronesian,,,,,hujan,hujan,,,,,,,,,,,
hutan,forest,Objects and Concept,Austronesian,,,,,hutan,hutan,,,,,,,,,,,
hwa,and; (clause integrating conjunction),Particle,Sinitic,,,,和,,,,,,,,,,,,,
hwan'eng,welcome; reception,Action,Sinitic,,,,歡迎,,,,,,,,,,,,,
hwang jeluk,"lemon (fruit) (see ""jeluk"")",Objects and Concept,Compound,,,,,,,,,,,,,,,,,
hwangsyek,yellow,Quality,Sinitic,,,,黃色,,,,,,,,,,,,,
hwaybi,hide; avoid,Action,Sinitic,,,,回避,,,,,,,,,,,,,
hwayko,to go back; to return,Action,Sinitic,,,,回去,,,,,,,,,,,,,
hwaylay,to come back; to return,Action,Sinitic,,,,回來,,,,,,,,,,,,,
hwaymen,screen,Objects and Concept,Sinitic,,,,畵面,,,,,,,,,,,,,
hwaysyek,grey,Quality,Sinitic,,,,灰色,,,,,,,,,,,,,
hwaydap,answer; reply,Action,Sinitic,,,,回答,,,,,,,,,,,,,
hwetgwan,blood vessels,Objects and Concept,Sinitic,,,,血管,,,,,,,,,,,,,
hyusyek,rest,Action,Sinitic,,,,休息,,,,,,,,,,,,,
i,and; (clause coordiating conjunction),Particle,Sinitic,,,,而,,,,,,,,,,,,,
ibilisi,demon; being of evil,Objects and Concept,Arabic,,,,,,,,,,,,,ʾiblīs,,,,
ibok,clothing; clothes,Objects and Concept,Sinitic,,,,衣服,,,,,,,,,,,,,
idong,move,Action,Sinitic,,,,移動,,,,,,,,,,,,,
ifa,leaf,Objects and Concept,Koreo-Japonic,잎,は,,,,,,,,,,,,,,,
ihengdey,cousins,Objects and Concept,Sinitic,,,,異兄弟,,,,,,,,,,,,,
im'ak,music,Objects and Concept,Sinitic,,,,音樂,,,,,,,,,,,,,
imdaw,vagina (anatomy),Objects and Concept,Sinitic,,,,陰道,,,,,,,,,,,,,
imi,meaning,Objects and Concept,Sinitic,,,,意味,,,,,,,,,,,,,
imlyaw,drink; beverage,Objects and Concept,Sinitic,,,,飲料,,,,,,,,,,,,,
ima,aunt,Objects and Concept,Sinitic,,,,異母,,,,,,,,,,,,,
imsyeng,sound,Objects and Concept,Sinitic,,,,音聲,,,,,,,,,,,,,
indonesya,Indonesia,Objects and Concept,Other,,,,,,,,,,,,,,,,,
indonesyao,indonesian (language),Objects and Concept,Compound,,,,,,,,,,,,,,,,,
inglisio,english (language),Objects and Concept,Compound,,,,,,,,,,,,,,,,,
inha,the milky way; our galaxy,Objects and Concept,Sinitic,,,,銀河,,,,,,,,,,,,,
intanet,internet,Objects and Concept,Western: English,,,,,,,,,,,,,,,,,
ibu,uncle,Objects and Concept,Sinitic,,,,異父,,,,,,,,,,,,,
isi,medical doctor,Objects and Concept,Sinitic,,,,醫士,,,,,,,,,,,,,
it,"one (compounds; also see ""eka"")",Objects and Concept,Sinitic,,,,一,,,,,,,,,,,,,
Italiya,Italy,Objects and Concept,Western: English,,,,,,,,,,,,,,,,,
jaket,jacket,Objects and Concept,Western: English,,,,,,,,,,,,,,,,,
jangdwan,length; height,Objects and Concept,Sinitic,,,,長短,,,,,,,,,,,,,
janggut,beard,Objects and Concept,Austronesian,,,,,jenggot,janggut,,,,,,,,,,,
jay,to be (at a place),Action,Sinitic,,,,在,,,,,,,,,,,,,
jwenba,disseminate; broadcast; transmit,Action,Sinitic,,,,傳播,,,,,,,,,,,,,
ji,s; of; (posession marker); (genitive),Particle,Sinitic,,,,之,,,,,,,,,,,,,
ji,-ing (verbal adjective marker),Particle,Sinitic,,,,之,,,,,,,,,,,,,
jiji,older sister,Objects and Concept,Sinitic,,,,姉姉,,,,,,,,,,,,,
jicwenca,bicycle,Objects and Concept,Sinitic,,,,自轉車,,,,,,,,,,,,,
jik'ep,work; job; career,Action,Sinitic,,,,職業,,,,,,,,,,,,,
jikjep,directly,Quality,Sinitic,,,,直接,,,,,,,,,,,,,
jiksen,straight,Quality,Sinitic,,,,直線,,,,,,,,,,,,,
jik'wi,ascend (to the throne),Action,Sinitic,,,,卽位,,,,,,,,,,,,,
jilyaw,heal; fix,Action,Sinitic,,,,治療,,,,,,,,,,,,,
jimay,sisters,Objects and Concept,Sinitic,,,,姉妹,,,,,,,,,,,,,
jitmun,ask,Action,Sinitic,,,,質問,,,,,,,,,,,,,
jekmut,cloth,Objects and Concept,Sinitic,,,,織物,,,,,,,,,,,,,
jisi,son,Objects and Concept,Sinitic,,,,子時,,,,,,,,,,,,,
jinam,son,Objects and Concept,Sinitic,,,,子男,,,,,,,,,,,,,
jinen,nature; natural,Quality,Sinitic,,,,自然,,,,,,,,,,,,,
jengki,steam,Objects and Concept,Sinitic,,,,蒸氣,,,,,,,,,,,,,
jengo,noon,Objects and Concept,Sinitic,,,,正午,,,,,,,,,,,,,
jinsit,true;  truth; truly; really; absolute truth,Quality,Sinitic,,,,眞實,,,,,,,,,,,,,
jinyo,daughter,Objects and Concept,Sinitic,,,,子女,,,,,,,,,,,,,
jipay,to rule (over),Action,Sinitic,,,,支配,,,,,,,,,,,,,
jisin,self,Objects and Concept,Sinitic,,,,自身,,,,,,,,,,,,,
citsyek,choke; choking; suffocate; asphyxia,Action,Sinitic,,,,窒息,,,,,,,,,,,,,
jiyu,freedom,Objects and Concept,Sinitic,,,,自由,,,,,,,,,,,,,
jeng,floors (of a building),Objects and Concept,Sinitic,,,,層,,,,,,,,,,,,,
jonggaw,religion,Objects and Concept,Sinitic,,,,宗敎,,,,,,,,,,,,,
jongyaw,important,Quality,Sinitic,,,,重要,,,,,,,,,,,,,
jonjay,exist,Action,Sinitic,,,,存在,,,,,,,,,,,,,
ju,week,Objects and Concept,Sinitic,,,,週,,,,,,,,,,,,,
jucong,weekday,Objects and Concept,Sinitic,,,,週中,,,,,,,,,,,,,
jumat,weekend,Objects and Concept,Sinitic,,,,週末,,,,,,,,,,,,,
junbi,prepare; get ready,Action,Sinitic,,,,準備,,,,,,,,,,,,,
cung,middle,Quality,Sinitic,,,,中,,,,,,,,,,,,,
cunggok'o,chinese (language),Objects and Concept,Sinitic,,,,中國語,,,,,,,,,,,,,
cunggok,china,Objects and Concept,Sinitic,,,,中國,,,,,,,,,,,,,
jongji,seed,Objects and Concept,Sinitic,,,,種子,,,,,,,,,,,,,
jot'ep,graduate (school),Action,Sinitic,,,,卒業,,,,,,,,,,,,,
jwa,sit,Action,Sinitic,,,,坐,,,,,,,,,,,,,
jway'ay,favorite,Quality,Sinitic,,,,最愛,,,,,,,,,,,,,
jwaygaw,most; highest,Quality,Sinitic,,,,最高,,,,,,,,,,,,,
jwaygin,recently; lately,Objects and Concept,Sinitic,,,,最近,,,,,,,,,,,,,
jwayhow,last; final; conclusion; end,Objects and Concept,Sinitic,,,,最後,,,,,,,,,,,,,
kacang,nut; peanut,Objects and Concept,Austronesian,,,,,kacang,kacang,,,,,,,,,,,
kaday,store; shop,Objects and Concept,Austronesian,,,,,kedai,kedai,,,,,,,,,,,
kaki,feet,Objects and Concept,Austronesian,,,,,kaki,kaki,,,,,,,,,,,
kaki (ji) kuku,toe nails,Objects and Concept,Compound,,,,,,,,,,,,,,,,,
kaki(kubi),ankle,Objects and Concept,Compound,,,,,,,,,,,,,,,,,
kaki(uwe),legs,Objects and Concept,Compound,,,,,kaki,kaki,,,,,ขา,,,,,,
kakiko,toes,Objects and Concept,Compound,,,,,,,,,,,,,,,,,
kaknin,check (something),Action,Sinitic,,,,確認,,,,,,,,,,,,,
kala bawang,garlic,Objects and Concept,Compound,,,,,,,,,,,,,,,,,
kalakala,spicy,Quality,Koreo-Japonic,칼칼,から,,,,,,,,,,,,,,,
kalapipal,chile pepper,Objects and Concept,Compound,,,,,,,,,,,,,,,,,
kama,pot,Objects and Concept,Koreo-Japonic,가마,かま,,,,,,,,,,,,,,,
kambing,goat,Objects and Concept,Austronesian,,,,,kambing,kambing,,kambing,,,,,,,,,
kamela,camera,Objects and Concept,Western: English,,,,,,,,,,,,,,,,,
kamisa,shirt; top,Objects and Concept,Western: Spanish,,,,,,,,,,,,,,camiseta,,,
kampeng,wall,Objects and Concept,Austroasiatic,,,,,,,,,កំពែង,,กำแพง,,,,,,
kamwi,god (polytheism); being of good,Objects and Concept,Koreo-Japonic,검 (archaic),かみ,,,,,,,,,,,,,,,
kana,Japanese kana; syllabary,Objects and Concept,Koreo-Japonic,,かな,,,,,,,,,,,,,,,
kanbeng,take care of; nurse,Action,Sinitic,,,,看病,,,,,,,,,,,,,
kang,beside; near; next to,Quality,Austroasiatic,,,,,,,,,,ຂ້າງ,ข้าง,,,,,,
kapala,head; skull,Objects and Concept,Sanskrit,,,कपाल (kapā́la),,,,,,,,,,,,,,
kata,paper,Objects and Concept,Sanskrit/Arabic,,,कागद (kāgada),,,,,,,,,,qarṭās,,,,
kaw'i,chair; seat,Objects and Concept,Austroasiatic,,,,,,,,,កៅអី,ເກົ້າອີ້,เก้าอี้,,,,,,
kawaca,shield,Objects and Concept,Compound,,,,,,,,,,,,,,,,,
kaybang,open,Action,Sinitic,,,,開放,,,,,,,,,,,,,
kaynem,idea; concept; noun; Objects and Concept,Objects and Concept,Sinitic,,,,槪念,,,,,,,,,,,,,
kaysi,start; to turn on; begin,Action,Sinitic,,,,開始,,,,,,,,,,,,,
kayu,keep (an animal) ; herd,Action,Koreo-Japonic,키우다,飼(か)う,,,,,,,,,,,,,,,
kek,carve,Action,Sinitic,,,,刻,,,,,,,,,,,,,
kel,shield,Objects and Concept,Austroasiatic,,,,,,,,,ខែល,,เขน,,,,,,khiên
kelu,to cut,Action,Koreo-Japonic,가르다,きる,,,,,,,,,,,,,,,
keluko,sword,Objects and Concept,Compound,,,,,,,,,,,,,,,,,
kem,cheek,Objects and Concept,Austroasiatic,,,,,,,,,,ແກ້ມ,แก้ม,,,,,,
gen,look / see,Action,Sinitic,,,,見;觀,,,,,,,,,,,,,
gengcat,police,Objects and Concept,Sinitic,,,,警察,,,,,,,,,,,,,
kentang,potato,Objects and Concept,Austronesian,,,,,kentang,kentang,,,,,,,,,,,
keta,Buddhist temple,Objects and Concept,Sanskrit,,,क्षेत्र (kṣetra),,,,,,,,,,,,,,
gwetdeng,decide; pick; choose,Action,Sinitic,,,,決定,,,,,,,,,,,,,
geylwan,egg,Objects and Concept,Sinitic,,,,鷄卵,,,,,,,,,,,,,
geysyan,calculate,Action,Sinitic,,,,計算,,,,,,,,,,,,,
geysyok,continue; keep (verb),Action,Sinitic,,,,繼續,,,,,,,,,,,,,
gi'ek,remember; recall,Action,Sinitic,,,,記憶,,,,,,,,,,,,,
gibit,write,Action,Sinitic,,,,記,,,,,,,,,,,,,
kibot,keyboard,Objects and Concept,Western: English,,,,,,,,,,,,,,,,,
kicune,fox,Objects and Concept,Koreo-Japonic,,きつね,,,,,,,,,,,,,,,
kisyang,wake up; getting up (from bed),Action,Sinitic,,,,起床,,,,,,,,,,,,,
kilesa,sin; stress; emotional damage,Objects and Concept,Sanskrit,,,क्लेश (kleśa),,,,,,,,,,,,,,
gimsyok,metal,Objects and Concept,Sinitic,,,,金屬,,,,,,,,,,,,,
king,ginger,Objects and Concept,Austroasiatic,,,,,,,,,,ຂີງ,ขิง,,,,,,
gip,give,Action,Sinitic,,,,給,,,,,,,,,,,,,
kkkkk[...],laughter; LOL (informal; online),,N/A,,,,,,,,,,,,,,,,,
ko,this,Objects and Concept,Koreo-Japonic,그,こ,,,,,,,,,,,,,,,
ko,portrusion (from an affixed noun),Objects and Concept,N/A,,,,,,,,,,,,,,,,,
koci,tip (object); twist (literary),Objects and Concept,Koreo-Japonic,꼭지,おし,,,,,,,,,,,,,,,
kodi,here,Objects and Concept,Compound,,,,,,,,,,,,,,,,,
kofi,coffee,Objects and Concept,Western: English,,,,,,,,,,,,,,,,,
godok,lonely,Quality,Sinitic,,,,孤獨,,,,,,,,,,,,,
gokjey,international,Quality,Sinitic,,,,國際,,,,,,,,,,,,,
gokga,nation,Objects and Concept,Sinitic,,,,國家,,,,,,,,,,,,,
goknay,domestic (not international),Quality,Sinitic,,,,國內,,,,,,,,,,,,,
golaw,old; elder,Quality,Sinitic,,,,古老,,,,,,,,,,,,,
kom; koma,kid; child; children,Objects and Concept,Koreo-Japonic,꼬마,こ,,,,,,,,,,,,,,,
koma,bear,Objects and Concept,Koreo-Japonic,곰,くま,,,,,,,,,,,,,,,
kompyuta,computer,Objects and Concept,Western: English,,,,,,,,,,,,,,,,,
kon,butt,Objects and Concept,Austroasiatic,,,,,,,,,,ກົ້ນ,ก้น,,,,,,
gongbeng,fair; just,Quality,Sinitic,,,,公平,,,,,,,,,,,,,
konggang,airport,Objects and Concept,Sinitic,,,,空港,,,,,,,,,,,,,
kongki,air,Objects and Concept,Sinitic,,,,空氣,,,,,,,,,,,,,
gongsyek,equation; formula,Quality,Sinitic,,,,公式,,,,,,,,,,,,,
konok,feather,Objects and Concept,Austroasiatic,,,,,,,,,,ຂົນ+ນົກ,ขนนก,,,,,,
kontulola,controller,Objects and Concept,Western: English,,,,,,,,,,,,,,,,,
kot,place / space,Objects and Concept,Koreo-Japonic,곳,,,,,,,,,,,,,,,,
kot,thing,Objects and Concept,Koreo-Japonic,것,こと,,,,,,,,,,,,,,,
kotong,pain; agony,Objects and Concept,Sinitic,,,,苦痛,,,,,,,,,,,,,
gyu,"nine (compounds; also see ""nawa"")",Objects and Concept,Sinitic,,,,九,,,,,,,,,,,,,
gowmay,buy,Action,Sinitic,,,,購買,,,,,,,,,,,,,
gowjaw,structure,Objects and Concept,Sinitic,,,,構造,,,,,,,,,,,,,
gyu,old,Quality,Sinitic,,,,久,,,,,,,,,,,,,
kubi,neck; throat,Objects and Concept,Koreo-Japonic,,くび,,,,,,,,,,,,,,,
kucing,cat; other felines,Objects and Concept,Austronesian,,,,,kucing,kucing,,,,,,,,,,,
kuku,nails (anatomy),Objects and Concept,Austronesian,,,,,kuku,kuku,,,,,,,,,,,
kuku,nails (on fingers or toes),Objects and Concept,Austronesian,,,,,kuku,kuku,kuku,kuko,,,,,,,,,
kulat,fungi; fungus; mushroom,Objects and Concept,Austronesian,,,,,kulat,,,,,,,,,,,,
kulit,skin; leather,Objects and Concept,Austronesian,,,,,kulit,kulit,,,,,,,,,,,
kung,black,Quality,Koreo-Japonic,검은,くろ,,,,,,,,,,,,,,,
kung pipal,black pepper,Objects and Concept,Compound,,,,,,,,,,,,,,,,,
kutu,shoes; boots; footwear,Objects and Concept,Koreo-Japonic,구두,,,,,,,,,,,,,,,,
kwa,fear,Objects and Concept,Austroasiatic,,,,,,,,,,ກົວ,กลัว,,,,,,
gwao,mistake; blame; fault,Objects and Concept,Sinitic,,,,過誤,,,,,,,,,,,,,
gwada,extra; excess; remaining,Quality,Sinitic,,,,過多,,,,,,,,,,,,,
gwadasyuymen,oversleep; sleep in,Action,Sinitic,,,,過多睡眠,,,,,,,,,,,,,
kwakwak,duck; weird; strange,Objects and Concept,Sound-based,,,,,,,,,,,,,,,,,
gwako,past,Objects and Concept,Sinitic,,,,過去,,,,,,,,,,,,,
gwangkwat,vast,Quality,Sinitic,,,,廣闊,,,,,,,,,,,,,
gwanlen,related to; about,Quality,Sinitic,,,,關聯,,,,,,,,,,,,,
gwaysyu,monster; beast,Objects and Concept,Sinitic,,,,怪獸,,,,,,,,,,,,,
gwibom,norm; standard; model; prescribed,Objects and Concept,Sinitic,,,,規範,,,,,,,,,,,,,
gwijekdek,regular; periodic; normal,Quality,Sinitic,,,,規則的,,,,,,,,,,,,,
gwisin,spirits; ghosts,Objects and Concept,Sinitic,,,,鬼神,,,,,,,,,,,,,
kyaceng,domestic (at home),Quality,,,,,,,,,,,,,,,,,,
gajok,family,Objects and Concept,Sinitic,,,,家族,,,,,,,,,,,,,
gawsit,classroom,Objects and Concept,Sinitic,,,,敎室,,,,,,,,,,,,,
gawyok,teach; inform; tell,Action,Sinitic,,,,敎育,,,,,,,,,,,,,
gethon,marry,Action,Sinitic,,,,結婚,,,,,,,,,,,,,
ko,go; pass (e.g. days); leave,Action,Sinitic,,,,去,,,,,,,,,,,,,
labip,lips,Objects and Concept,Austronesian,,,,,bibir,bibir,,labi,,,,,,,,,
lagu,lag,Objects and Concept,Western: English,,,,,,,,,,,,,,,,,
laja,king,Objects and Concept,Sanskrit,,,राजन् rā́jan,,,,,,,,,,,,,,
lajini,queen (wife of king),Objects and Concept,Sanskrit,,, ,,,,,,,,,,,,,,
lajini,queen (female ruler),Objects and Concept,Sanskrit,,, ,,,,,,,,,,,,,,
lang'it,sky,Objects and Concept,Austronesian,,,,,langit,langit,,langit,,,,,,,,,
manju’o,manchu language,Objects and Concept,Sinitic,,,,滿洲語,,,,,,,,,,,,,
langka,roof,Objects and Concept,Austroasiatic,,,,,,,,,,ຫຼັງ+ຄາ(枷),หลังคา,,,,,,
langkay,body; torso,Objects and Concept,Austroasiatic,,,,,,,,,,ຮ່າງກາຍ,ร่างกาย,,,,,,
lantay,floor,Objects and Concept,Austronesian,,,,,lantai,lantai,,,,,,,,,,,
laot,sea,Objects and Concept,Austronesian,,,,,laut,laut,,lawa,,,,,,,,,
lay,come,Action,Sinitic,,,,來,,,,,,,,,,,,,
lema,weak,Quality,Austronesian,,,,,lemah,lemah,,,,,,,,,,,
leng,cool (literal and as English slang),Quality,Sinitic,,,,冷,,,,,,,,,,,,,
lenken,arms,Objects and Concept,Compound,,,,,lengan,,,,,,แขน,,,,,,
lenken-ko,wrist,Objects and Concept,Compound,,,,,,,,,,,,,,,,,
lensip,practice,Action,Sinitic,,,,練習,,,,,,,,,,,,,
letca,train,Objects and Concept,Sinitic,,,,列車,,,,,,,,,,,,,
ley,example,Objects and Concept,Sinitic,,,,例,,,,,,,,,,,,,
li,marks a verb as a passive verb; where the object performs the action to a subject,Particle,Koreo-Japonic,C+이,られ,,,,,,,,,,,,,,,
lida,tongue,Objects and Concept,Austronesian,,,,,lidah,lidah,,,,,,,,,,,
ligay,understand; comprehend,Action,Sinitic,,,,理解,,,,,,,,,,,,,
lip,stand; to rise; to lift; grow,Action,Sinitic,,,,立,,,,,,,,,,,,,
lip,elevator; a lift,Objects and Concept,Sinitic,,,,口+立,,,,,,,,,,,,,
loheng,visit; travel,Action,Sinitic,,,,旅行,,,,,,,,,,,,,
lomansa,Romance (linguistics),Objects and Concept,Western: Spanish,,,,,,,,,,,,,,romanza,,,
losyao,russian (language),Objects and Concept,Compound,,,,,,,,,,,,,,,,,
lu,(direct object marker); (accusative),Particle,Koreo-Japonic,을/를,を,,,,,,,,,,,,,,,
lyok,"six (compounds; see also ""sasa"")",Objects and Concept,Sinitic,,,,六,,,,,,,,,,,,,
lupa,form; shape; image; photograph,Objects and Concept,Sanskrit,,,रूप rūpá,,,,,,,,,,,,,,
lutu,season,Objects and Concept,Sanskrit,,,ऋतु (ṛtú),,,,,,,,,,,,,,
luwang,room,Objects and Concept,Austronesian,,,,,ruang,ruang,,,រោង,,โรง,,,,,,
lweng,yellow,Quality,Austronesian,,,,,,,,,,,,,,,,,
lwisi,like; similar,Quality,Sinitic,,,,類似,,,,,,,,,,,,,
lyawli,to cook,Action,Sinitic,,,,料理,,,,,,,,,,,,,
lyawli (ji) lwang,kitchen,Objects and Concept,Compound,,,,,,,,,,,,,,,,,
yawwan,far,Quality,Sinitic,,,,遙遠,,,,,,,,,,,,,
mabop,magic,Objects and Concept,Sinitic,,,,魔法,,,,,,,,,,,,,
maha,expensive,Quality,Sanskrit,,,महार्घ (mahārgha),,,,,,,,,,,,,,
mala,angry; mad; upset,Quality,Austronesian,,,,,marah,marah,,,,,,,,,,,
malaysiya,Malaysia,Objects and Concept,Other,,,,,,,,,,,,,,,,,
malay'o,malaysian (language),Objects and Concept,Compound,,,,,,,,,,,,,,,,,
mama,mom; mother; mama,Objects and Concept,N/A,,,,,,,,,,,,,,,,,
man,ten-thousand; (poetic) all,Objects and Concept,Sinitic,,,,萬,,,,,,,,,,,,,
mang,busy,Quality,Sinitic,,,,忙,,,,,,,,,,,,,
mangkuk,bowl,Objects and Concept,Austronesian,,,,,mangkuk,mangkuk,mangkok,mangkok,,,,,,,,,
mangkak,forget,Action,Sinitic,,,,忘却,,,,,,,,,,,,,
manhway,comics; manga,Objects and Concept,Sinitic,,,,漫畵,,,,,,,,,,,,,
manmin,everyone,Objects and Concept,Sinitic,,,,萬民,,,,,,,,,,,,,
manu; manusya,human,Objects and Concept,Sanskrit,,,मनुष्य (manuṣya),,,,,,,,,,,,,,
mata,eyes,Objects and Concept,Austronesian,,,,,mata,mata,,mata,,,,,,,,,
matwi,village; town; rural; countryside,Objects and Concept,Koreo-Japonic,마을,まち,,,,,,,,,,,,,,,
mawsu,mouse (computing),Objects and Concept,Western: English,,,,,,,,,,,,,,,,,
maya,illusion,Objects and Concept,Sanskrit,,,माया māyā,,,,,,,,,,,,,,
maya,to put in an illusion,Action,Sanskrit,,,माया māyā,,,,,,,,,,,,,,
mayhway,everytime; each time,Quality,Sinitic,,,,每回,,,,,,,,,,,,,
mayjang,to bury (funeral),Action,Sinitic,,,,埋葬,,,,,,,,,,,,,
maymay,younger sister,Objects and Concept,Sinitic,,,,妹妹,,,,,,,,,,,,,
maynen,yearly; every year,Objects and Concept,Sinitic,,,,每年,,,,,,,,,,,,,
maynit,everyday; daily,Objects and Concept,Sinitic,,,,每日,,,,,,,,,,,,,
mayula,peafowl,Objects and Concept,Sanskrit,,,मयूर mayūra,,,,,,,,,,,,,,
mengji,"name (Sinitic form: also see ""naman"")",Objects and Concept,Sinitic,,,,名字,,,,,,,,,,,,,
mi,still; yet,Quality,Sinitic,,,,未,,,,,,,,,,,,,
miji,rainbow,Objects and Concept,Koreo-Japonic,무지개,にじ,,,,,,,,,,,,,,,
milay,future,Objects and Concept,Sinitic,,,,未來,,,,,,,,,,,,,
miley,beautiful,Quality,Sinitic,,,,美麗,,,,,,,,,,,,,
misyut,art,Objects and Concept,Sinitic,,,,美術,,,,,,,,,,,,,
mawji,hat,Objects and Concept,Sinitic,,,,帽子,,,,,,,,,,,,,
moli,horse,Objects and Concept,Altaic,,,,,,,,,,,,,,,,морь,
mong,dream,Action,Sinitic,,,,夢,,,,,,,,,,,,,
monyet,monkey,Objects and Concept,Austronesian,,,,,monyet,monyet,,,,,,,,,,,
moyek,trade; commerce,Objects and Concept,Sinitic,,,,貿易,,,,,,,,,,,,,
mu,absence; without,Quality,Sinitic,,,,無,,,,,,,,,,,,,
mujeyhan,unlimited; infinite,Quality,Sinitic,,,,無制限,,,,,,,,,,,,,
mula,cheap,Quality,Austronesian,,,,,murah,murah,,mura,,,,,,,,,
muley,group; crowd,Objects and Concept,Koreo-Japonic,무리,むれ,,,,,,,,,,,,,,,
mun,sentence,Objects and Concept,Sinitic,,,,文,,,,,,,,,,,,,
munbop,grammar,Objects and Concept,Sinitic,,,,文法,,,,,,,,,,,,,
mundey,problem; issue,Objects and Concept,Sinitic,,,,問題,,,,,,,,,,,,,
munhak,Literature,Objects and Concept,Sinitic,,,,文學,,,,,,,,,,,,,
munhwa,culture; civilization,Objects and Concept,Sinitic,,,,文化,,,,,,,,,,,,,
munji,letters; script; writing system; morpheme,Objects and Concept,Sinitic,,,,文字,,,,,,,,,,,,,
may'u,monsoon,Objects and Concept,Sinitic,,,,梅雨,,,,,,,,,,,,,
mwisu,water,Objects and Concept,Koreo-Japonic,물,みず,,,,,,,,,,,,,,,
mwisuboti,Mercury (planet),Objects and Concept,Compound,,,,,,,,,,,,,,,,,
mwisuhali,wednesday,Objects and Concept,Compound,,,,,,,,,,,,,,,,,
myaw,cat; kitty,Objects and Concept,Compound,,,,,,,,,,,,,,,,,
myaw,second,Objects and Concept,Sinitic,,,,秒,,,,,,,,,,,,,
na,(topic marker),Particle,Koreo-Japonic,은/는,は,,,,,,,,,,,,,,,
nadang,window,Objects and Concept,Austroasiatic,,,,,,,,,,,หน้าต่าง,,,,,,
naga,naga; dragon,Objects and Concept,Sanskrit,,,नाग (nāgá),,,,,,,,,,,,,,
nagala,city,Objects and Concept,Sanskrit,,,नगर (nágara),,,,,,,,,,,,,,
nakyat,ugly,Quality,Austroasiatic,,,,,,,,,,ຫນ້າກຽດ,น่าเกลียด,,,,,,
nala,man; male,Objects and Concept,Sanskrit,,,नर (nára),,,,,,,,,,,,,,
nama,"name (Sanskrit form; also see ""mengji"")",Objects and Concept,Sanskrit,,,नामन् nā́man,,,,,,,,,,,,,,
namgon,penis (anatomy),Objects and Concept,Sinitic,,,,男根,,,,,,,,,,,,,
namlay,saliva; spit,Objects and Concept,Austroasiatic,,,,,,,,,,ນ້ໍາລາຍ,น้ำลาย,,,,,,
namsek,gay; male homosexuality,Objects and Concept,Sinitic,,,,男色,,,,,,,,,,,,,
namta,cry; weep; tears,Action,Austroasiatic,,,,,,,,,+ តា,ນ້ຳ + ຕາ,น้ำตา,,,,,,
nangay,difficult; hard (task); tough,Quality,Sinitic,,,,難解,,,,,,,,,,,,,
nawa,"nine (standalone; also see ""gyu"")",Objects and Concept,Sanskrit,,,नवन् návan,,,,,,,,,,,,,,
nay,inside,Quality,Sinitic,,,,內,,,,,,,,,,,,,
ne,(indirect object marker); (dative),Particle,Koreo-Japonic,에,に,,,,,,,,,,,,,,,
ne,by; (agent marker),Particle,Koreo-Japonic,에,に,,,,,,,,,,,,,,,
nehoy,scent; smell,Quality,Koreo-Japonic,냄새,におい,,,,,,,,,,,,,,,
nemjak,sticky; (ling) Agglutinative,Action,Sinitic,,,,粘着,,,,,,,,,,,,,
nen,"year (in compounds; also see ""tahon"")",Objects and Concept,Sinitic,,,,年,,,,,,,,,,,,,
neng,able; can,Action,Sinitic,,,,能,,,,,,,,,,,,,
nenglik,ability; talent,Objects and Concept,Sinitic,,,,能力,,,,,,,,,,,,,
nenleng,age,Objects and Concept,Sinitic,,,,年齡,,,,,,,,,,,,,
ni,"two (compounds; also see ""dwi"")",Objects and Concept,Sinitic,,,,二,,,,,,,,,,,,,
nifa,teeth,Objects and Concept,Koreo-Japonic,이빨,は,,,,,,,,,,,,,,,
nimsin,pregnancy; conception,Objects and Concept,Sinitic,,,,妊娠,,,,,,,,,,,,,
ninsik,recognize,Action,Sinitic,,,,認識,,,,,,,,,,,,,
nipkow,enterance,Objects and Concept,Sinitic,,,,入口,,,,,,,,,,,,,
nit,"sun (compounds; also see ""hali"")",Objects and Concept,Sinitic,,,,日,,,,,,,,,,,,,
nitbon,japan,Objects and Concept,Sinitic,,,,日本,,,,,,,,,,,,,
nitbon'o,japanese (language),Objects and Concept,Sinitic,,,,日本語,,,,,,,,,,,,,
nitcut,sunrise,Action,Sinitic,,,,日出,,,,,,,,,,,,,
nitjihali,sunday,Objects and Concept,Compound,,,,,,,,,,,,,,,,,
nitsyang,daily life; ordinary,Quality,Sinitic,,,,日常,,,,,,,,,,,,,
nolok,surprise,Objects and Concept,Koreo-Japonic,놀라다,おどろき,,,,,,,,,,,,,,,
nuli,slow; late,Quality,Koreo-Japonic,느리다,,,,,,,,,,,,,,,,
numpa,pond; swamp,Objects and Concept,Koreo-Japonic,늪,ぬま,,,,,,,,,,,,,,,
nyak,if (hypothetical - concluding),Particle,Sinitic,,,,若,,,,,,,,,,,,,
nyatun,summer,Objects and Concept,Koreo-Japonic,여름,なつ,,,,,,,,,,,,,,,
nyusu,news,Objects and Concept,Western: English,,,,,,,,,,,,,,,,,
o,"five (compounds; see also ""panca"")",Objects and Concept,Sinitic,,,,五,,,,,,,,,,,,,
ogaw,face,Objects and Concept,Koreo-Japonic,얼굴,かお,,,,,,,,,,,,,,,
oji,sir,Objects and Concept,Koreo-Japonic,아쩌씨,おじさん,,,,,,,,,,,,,,,
omay,ma'am,Objects and Concept,Koreo-Japonic,어머니,おばさん,,,,,,,,,,,,,,,
ohow,P.M; afternoon,Objects and Concept,Sinitic,,,,溫泉,,,,,,,,,,,,,
ojen,A.M; morning,Objects and Concept,Sinitic,,,,午前,,,,,,,,,,,,,
onjwen,hot springs,Objects and Concept,Sinitic,,,,溫泉,,,,,,,,,,,,,
onlain,online,Quality,Western: English,,,,,,,,,,,,,,,,,
otaw,sing; song,Action,Koreo-Japonic,부르다,うた,,,,,,,,,,,,,,,
otaw,sing; song,Objects and Concept,Koreo-Japonic,부르다,うた,,,,,,,,,,,,,,,
otaw (ji) sap,lyrics,Objects and Concept,Compound,,,,,,,,,,,,,,,,,
oton,adult,Objects and Concept,Koreo-Japonic,어른,おとな,,,,,,,,,,,,,,,
pa'ok (fway),stir-fry,Action,Compound,볶다,,,,,,,,,,ผัด,,,,,,
pabo,turkey bird,Objects and Concept,Western: Spanish,,,,,,,,,,,,,,pavo,,,
pacima,west,Quality,Sanskrit,,,पश्चिम (paścima),,,,,,,,,,,,,,
pagway,destroy; break,Action,Sinitic,,,,破壞,,,,,,,,,,,,,
pak,mouth,Objects and Concept,Austroasiatic,,,,,,,,,,ປາກ,ปาก,,,,,,
pala,fruit,Objects and Concept,Sanskrit,,,फल (phála),,,,,,,,,,,,,,
palamita,(Buddhism) perfection or culmination of certain virtues;  metaphorically on the other side of a river from the mortal world.,Objects and Concept,Sanskrit,,,पारमिता pāramitā,,,,,,,,,,,,,,
palu,hammer,Objects and Concept,Austronesian,,,,,palu,palu,,,,,,,,,,,
panca,"five (standalone; also see ""o"")",Objects and Concept,Sanskrit,,,पञ्चन् páñcan,,,,,,,,,,,,,,
bandway,to oppose; to decline,Action,Sinitic,,,,反對,,,,,,,,,,,,,
pang,bread,Objects and Concept,Western: Portuguese,,,,,,,,,,,,,,,paõ,,
pantalon,pants,Objects and Concept,Western: Spanish,,,,,,,,,,,,,,pantalones,,,
panya,to know (understand),Action,Sanskrit,,,प्रज्ञा (prájñā),,,,,,,,,,,,,,
panya,wisdom,Objects and Concept,Sanskrit,,,प्रज्ञा (prájñā),,,,,,,,,,,,,,
pap,popping sound,Objects and Concept,N/A,,,,,,,,,,,,,,,,,
pasawa,urine; pee,Objects and Concept,Sanskrit,,, ,,,,,,,,,,,,,,
pasom,to mix,Action,Austroasian,,,,,,,,,ផ្សំ,ຜະສົມ,ผสม,,,,,,
patana,partner,Objects and Concept,Western: English,,,,,,,,,,,,,,,,,
pedan,ceiling,Objects and Concept,Austroasiatic,,,,,,,,,ពិតាន,ເພດານ,เพดาน,,,,,,
pen'an,to be well,Action,Sinitic,,,,便安,,,,,,,,,,,,,
panyek,translate,Action,Sinitic,,,,飜譯,,,,,,,,,,,,,
penyek-ko,translation; translated material,Objects and Concept,Compound,,,,,,,,,,,,,,,,,
bi,in contrast; on the other hand; in comparison,Particle,Sinitic,,,,比,,,,,,,,,,,,,
pi'an ji candala,(Only for translations from Japanese) the month of the Equinox,Objects and Concept,N/A,,,,,,,,,,,,,,,,,
pi'ay ji ogao,frown,Objects and Concept,Compound,,,,,,,,,,,,,,,,,
piano (pi'ano),piano,Objects and Concept,Western: Italian,,,,,,,,,,,,,,,,,
pilo,pillow,Objects and Concept,Western: English,,,,,,,,,,,,,,,,,
pintu,door,Objects and Concept,Austronesian,,,,,pintu,pintu,,,,,,,,,,,
pipali,pepper,Objects and Concept,Sanskrit,,,पिप्पलि (pippali),,,,,,,,,,,,,,
pisaw,knife; dagger; sharp object,Objects and Concept,Austronesian,,,,,pisau,pisau,,,,,,,,,,,
pom,hair,Objects and Concept,Austroasiatic,,,,,,,,,,ຜົມ,ผม,,,,,,
pon,tree,Objects and Concept,Austronesian,,,,,pohon,pohon,,puno,,,,,,,,,
ponjiboti,Jupiter,Objects and Concept,Compound,,,,,,,,,,,,,,,,,
ponjihali,thursday,Objects and Concept,Compound,,,,,,,,,,,,,,,,,
pontiku,squirrel,Objects and Concept,Austronesian,,,,,,,,,,,,,,,,,
puba,east,Quality,Sanskrit,,,पूर्व (pū́rva),,,,,,,,,,,,,,
puyok,raise; grow,Action,Sinitic,,,,撫育,,,,,,,,,,,,,
byawjun,standard,Objects and Concept,Sinitic,,,,標準,,,,,,,,,,,,,
saba,server,Objects and Concept,Western: English,,,,,,,,,,,,,,,,,
saci,woman; female,Objects and Concept,Sanskrit,,,स्त्री (strī́),,,,,,,,,,,,,,
sadang,brown sugar,Objects and Concept,Sinitic,,,,沙糖,,,,,,,,,,,,,
sakti,power; ability,Objects and Concept,Sanskrit,,,शक्ति (śákti),,,,,,,,,,,,,,
sala,no; false; incorrect; lie,Quality,Austronesian,,,,,salah,salah,,sala,,,,,,,,,
salasap,to (tell a) lie,Action,Compound,,,,,,,,,,,,,,,,,
sam,"three (compounds; also see ""tili"")",Objects and Concept,Sinitic,,,,三,,,,,,,,,,,,,
samkata'o,Sanskrit (language),Objects and Concept,Compound,,,,,,,,,,,,,,,,,
sampa,trash; garbage,Objects and Concept,Austronesian,,,,,sampah,sampah,,,,,,,,,,,
samsala,(the cycle of) reincarnation,Objects and Concept,Sanskrit,,,संसार saṃsāra,,,,,,,,,,,,,,
sanbo,walk,Action,Sinitic,,,,散步,,,,,,,,,,,,,
sap; sapda,word; to talk; to claim; voice; say,Objects and Concept,Sanskrit,,,शब्द (śábda),,,,,,,,,,,,,,
sapan,bridge,Objects and Concept,Austroasiatic,,,,,,,,,ស្ពាន,ສະພານ,สะพาน,,,,,,
sapta,"seven (standalone; also see ""cit"")",Objects and Concept,Sanskrit,,,सप्त saptá,,,,,,,,,,,,,,
sata,to know (knowledge),Action,Sanskrit,,,शास्त्र (śāstra),,,,,,,,,,,,,,
sata,knowledge; fact; law,Objects and Concept,Sanskrit,,,शास्त्र (śāstra),,,,,,,,,,,,,,
satan,Satan; supreme evil,Objects and Concept,Western: English,,,,,,,,,,,,,,,,,
sathay,kill; murder,Action,Sinitic,,,,殺害,,,,,,,,,,,,,
satu,enemy,Objects and Concept,Sanskrit,,,शत्रु śátru,,,,,,,,,,,,,,
sungo,horn,Objects and Concept,Sanskrit/Austronesian,,,शृङ्ग (śṛṅgá),,,,sungu, sungay,,,,,,,,,
syek'yang,sunset,Action,Sinitic,,,,夕陽,,,,,,,,,,,,,
syenghwa,become; turn into; becoming,Acion,Sinitic,,,,成化,,,,,,,,,,,,,
syenghwat,to live life,Action,Sinitic,,,,生活,,,,,,,,,,,,,
syengjwa,constellation,Objects and Concept,Sinitic,,,,星座,,,,,,,,,,,,,
syengmeng,life,Objects and Concept,Sinitic,,,,生命,,,,,,,,,,,,,
syengmengyu,to have life,Action,Sinitic,,,,生命 有,,,,,,,,,,,,,
syensyeng,"teacher (also see ""gulu"")",Objects and Concept,Sinitic,,,,先生,,,,,,,,,,,,,
syetdang,white sugar,Objects and Concept,Sinitic,,,,雪糖,,,,,,,,,,,,,
syeydek,wash; clean,Action,Sinitic,,,,洗滌,,,,,,,,,,,,,
si,"four (compounds; see also ""catula"")",Objects and Concept,Sinitic,,,,四,,,,,,,,,,,,,
sikek,hour (of day),Objects and Concept,Sinitic,,,,時刻,,,,,,,,,,,,,
siden,dictionary,Objects and Concept,Sinitic,,,,辭典,,,,,,,,,,,,,
sido,try,Action,Sinitic,,,,試圖,,,,,,,,,,,,,
jidongca,car; automobile,Objects and Concept,Sinitic,,,,自動車,,,,,,,,,,,,,
sigan,hour (quantity of time),Objects and Concept,Sinitic,,,,時間,,,,,,,,,,,,,
sigan,"time (concept; see also ""tahi""); hour (unit of measure)",Objects and Concept,Sinitic,,,,時間,,,,,,,,,,,,,
sigo,accident; incident (an event),Objects and Concept,Sinitic,,,,事故,,,,,,,,,,,,,
sik,eat; drink; swallow,Action,Sinitic,,,,食,,,,,,,,,,,,,
sikaw,think,Action,Sinitic,,,,思考,,,,,,,,,,,,,
syekcit,draw; paint,Action,Sinitic,,,,色漆,,,,,,,,,,,,,
sikko,food; meal,Objects and Concept,Compound,,,,,,,,,,,,,,,,,
syekmut,plant; vegetation,Objects and Concept,Sinitic,,,,植物,,,,,,,,,,,,,
sila,virtue; moral principle,Objects and Concept,Sanskrit,,,शील (śīla),,,,,,,,,,,,,,
sim'en,abyss,Objects and Concept,Sinitic,,,,深淵,,,,,,,,,,,,,
simang,die; death; pass away,Action,Sinitic,,,,死亡,,,,,,,,,,,,,
simga,join; participate,Action,Sinitic,,,,參加,,,,,,,,,,,,,
sin,new,Quality,Sinitic,,,,新,,,,,,,,,,,,,
singa,lion,Objects and Concept,Sanskrit,,,सिंह (siṃhá),,,,,,,,,,,,,,
syengli,win,Action,Sinitic,,,,勝利,,,,,,,,,,,,,
sinsya,a Shintō shrine,Objects and Concept,Sinitic,,,,神社,,,,,,,,,,,,,
sin'yong,to trust,Action,Sinitic,,,,信用,,,,,,,,,,,,,
sin'yong,trust,Objects and Concept,Sinitic,,,,信用,,,,,,,,,,,,,
sip,"ten (compounds; also see ""dasa"")",Objects and Concept,Sinitic,,,,十,,,,,,,,,,,,,
sicom,deer,Objects and Concept,Koreo-Japonic,사슴,しか,,,,,,,,,,,,,,,
sisya,"student; disciple (also see ""hakseng"")",Objects and Concept,Sanskrit,,,शिष्य (śiṣya),,,,,,,,,,,,,,
sitjitdek,practically; actually,Quality,Sinitic,,,,實質的,,,,,,,,,,,,,
sitlek,skill; talent,Objects and Concept,Sinitic,,,,實力,,,,,,,,,,,,,
syocek,book,Objects and Concept,Sinitic,,,,書冊,,,,,,,,,,,,,
sode,sleeve,Objects and Concept,Koreo-Japonic,소매,そで,,,,,,,,,,,,,,,
sokosoko,whisper; mumur,Action,Sound-based,,,,,,,,,,,,,,,,,
syomun,foreward (literature),Objects and Concept,Sinitic,,,,序文,,,,,,,,,,,,,
syonsit,lose (posession of item),Action,Sinitic,,,,損失,,,,,,,,,,,,,
suka,joy; happiness; being happy,Objects and Concept,Sanskrit,,,सुख sukhá,,,,,,,,,,,,,,
suna,sand,Objects and Concept,Koreo-Japonic,,,,,,,,,,,,,,,,,
sunya,zero,Objects and Concept,Sanskrit,,,शून्य śūnya,,,,,,,,,,,,,,
supika,speaker (computing),Objects and Concept,Western: English,,,,,,,,,,,,,,,,,
syusi,numbers,Objects and Concept,Sinitic,,,,數詞,,,,,,,,,,,,,
susuk,brush; polish; scrub,Action,Sound-based,,,,,,,,,,,,,,,,,
swa,become; to be transformed,Action,Sinitic,,,,成化,,,,,,,,,,,,,
syey,years of age,Objects and Concept,Sinitic,,,,歲,,,,,,,,,,,,,
swi,sour,Quality,Koreo-Japonic,신 < 쉰,すい,,,,,,,,,,,,,,,
jaknit,yesterday,Objects and Concept,Sinitic,,,,昨日,,,,,,,,,,,,,
syanga,tusk ,Objects and Concept  ,Sinitic  ,,,,象牙,,,,,,,,,,,,,
syang'ep,business; trade; commerce,Objects and Concept,Sinitic,,,,商業,,,,,,,,,,,,,
syangdey,God (monotheism); supreme good,Objects and Concept,Sinitic,,,,上帝,,,,,,,,,,,,,
syangho,mutual; each other,Quality,Sinitic,,,,相互,,,,,,,,,,,,,
syangjeng,upstairs; upper class,Objects and Concept,Sinitic,,,,上層,,,,,,,,,,,,,
jangki,internal organs; intestines,Objects and Concept,Sinitic,,,,臟器,,,,,,,,,,,,,
syangho,each other; mutual; reciprocal,Objects and Concept,Sinitic,,,,相互,,,,,,,,,,,,,
syangsi,always; constantly,Quality,Sinitic,,,,常時,,,,,,,,,,,,,
syangsyeng,to lift,Action,Sinitic,,,,上昇,,,,,,,,,,,,,
syangyong,to use commonly,Action,Sinitic,,,,常用,,,,,,,,,,,,,
syaw,small; less,Quality,Sinitic,,,,小; 少,,,,,,,,,,,,,
syawbi,to spend; expend; consume,Action,Sinitic,,,,消費,,,,,,,,,,,,,
syawgay,introduce,Action,Sinitic,,,,紹介,,,,,,,,,,,,,
syawi,die; dice,Objects and Concept,Koreo-Japonic,주사위,さいころ,,,,,,,,,,,,,,,
syawnen,boy,Objects and Concept,Sinitic,,,,少年,,,,,,,,,,,,,
syawnyo,girl,Objects and Concept,Sinitic,,,,少女,,,,,,,,,,,,,
syem,island,Objects and Concept,Koreo-Japonic,섬,しま,,,,,,,,,,,,,,,
syensi,science,Objects and Concept,Western: English,,,,,,,,,,,,,,,,,
syeygay,world,Objects and Concept,Sinitic,,,,世界,,,,,,,,,,,,,
syoka,salt,Objects and Concept,Koreo-Japonic,소금,しお,,,,,,,,,,,,,,,
syokamwisu,unami fermented sauces (fish sauce; soy sauce; etc.),Objects and Concept,Compound,,,,,,,,,,,,,,,,,
syokdey,homework,Objects and Concept,Sinitic,,,,宿題,,,,,,,,,,,,,
syonghol,bird of prey,Objects and Concept,Altaic,,,,,,,,,,,,,,,,шонхор,
syow,milk,Objects and Concept,Compound,젖,,,,,,,,,,,,,,,сүү,sữa
syucu,receive,Action,Sinitic,,,,受取,,,,,,,,,,,,,
syuep,lesson; a class,Objects and Concept,Sinitic,,,,授業,,,,,,,,,,,,,
syuymen,sleep,Action,Sinitic,,,,睡眠,,,,,,,,,,,,,
syumen-en swa,fall asleep,Action,Compound,,,,,,,,,,,,,,,,,
syuymenwan,tired; sleepy,Quality,Sinitic,,,,睡眠願,,,,,,,,,,,,,
syunsyo,order (in a series),Objects and Concept,Sinitic,,,,順序,,,,,,,,,,,,,
syuyeng,swim,Action,Sinitic,,,,水泳,,,,,,,,,,,,,
syuy,even if,Particle,Sinitic,,,,雖,,,,,,,,,,,,,
ta,other (compounds only),Quality,Sinitic,,,,他,,,,,,,,,,,,,
denggek,punch; hit; slap,Action,Sinitic,,,,打擊,,,,,,,,,,,,,
tabako,cigarette; tabaco,Objects and Concept,Western: Spanish,,,,,,,,,,,,,,tabaco,,,
tagalog'o,tagalog,Objects and Concept,Compound,,,,,,,,,,,,,,,,,
tahi,time (concept); moment,Objects and Concept,Koreo-Japonic,때,とき,,,,,,,,,,,,,,,
tahi-tahi,sometimes,Objects and Concept,Compound: Koreo-Japonic,,,,,,,,,,,,,,,,,
tahi-tahi-dek,often; habitually,Quality,Compound: Koreo-Japonic,,,,,,,,,,,,,,,,,
tahon,"year (standalone; also see ""nen"")",Objects and Concept,Austronesian,,,,,,,,,,,,,,,,,
taksi,taxi,Objects and Concept,Western: English,,,,,,,,,,,,,,,,,
takut,afraid; scared,Quality,Austronesian,,,,,takut,takut,,,,,,,,,,,
takyap,chopsticks; tweezers; pincers,Objects and Concept,Austroasiatic,,,,,,,,,ថ្កៀប,ຕະຂຽບ,ตะเกียบ,,,,,,
talang,table,Objects and Concept,Austroasiatic,,,,,,,,,តារាង,,ตาราง,,,,,,
tali,rope; bonds,Objects and Concept,Austronesian,,,,,tali,tali,,tali,,,,,,,,,
tana,earth; soil,Objects and Concept,Austronesian,,,,,tanah,tanah,,,,,,,,,,,
tanaboti,Saturn,Objects and Concept,Compound,,,,,,,,,,,,,,,,,
tanahali,saturday,Objects and Concept,Compound,,,,,,,,,,,,,,,,,
tangsi,spoon,Objects and Concept,Sinitic,,,,湯匙,,,,,,,,,,,,,
tansyeng,to be born; birth,Action,Sinitic,,,,誕生,,,,,,,,,,,,,
tasik,lake; inland sea,Objects and Concept,Austronesian,,,,,tasik,tasik,,,,,,,,,,,
tay,hands,Objects and Concept,Austroasiatic,,,,,,,,,,,,,,,,,tay
tay'o,thai (language),Objects and Concept,Compound,,,,,,,,,,,,,,,,,
taypong,storm,Objects and Concept,Sinitic,,,,颱風,,,,,,,,,,,,,
tayko,fingers,Objects and Concept,Compound,,,,,,,,,,,,,,,,,
tayko (ji) kuku,finger nails,Objects and Concept,Compound,,,,,,,,,,,,,,,,,
taywan,taiwan,Objects and Concept,Sinitic,,,,台灣,,,,,,,,,,,,,
teley,carry; bring; move (something),Action,Koreo-Japonic,데리다,つれる,,,,,,,,,,,,,,,
telinga,ears,Objects and Concept,Austronesian,,,,,telinga,telinga,,,,,,,,,,,
teluk,bay,Objects and Concept,Austronesian,,,,,teluk,teluk,,,,,,,,,,,
tengcu,hear; listen,Action,Sinitic,,,,聽取,,,,,,,,,,,,,
tenki; hi,weather,Objects and Concept,Sinitic,,,,天氣,,,,,,,,,,,,,
tensi,angel; agent of the order and good,Objects and Concept,Sinitic,,,,天使,,,,,,,,,,,,,
tensyang,Heavenly Realm,Objects and Concept,Sinitic,,,,天上,,,,,,,,,,,,,
teyjong,weight,Quality,Sinitic,,,,體重,,,,,,,,,,,,,
tili,"three (standalone; also see ""sam"")",Objects and Concept,Sanskrit,,,त्रि trí,,,,,,,,,,,,,,
tibet,Tibet,Objects and Concept,Western: English,,,,,,,,,,,,,,,,,
tiku,mouse; rat,Objects and Concept,Austronesian,,,,,tikus,tikus,,,,,,,,,,,
dowbu,tofu,Objects and Concept,Sinitic,,,,豆腐,,,,,,,,,,,,,
tok (fway),deep-fry,Action,Compound,,,,,,,,,,,,,,,,,
toli,bird; fowl,Objects and Concept,Koreo-Japonic,,とり,,,,,,,,,,,,,,,
tosu,fight,Action,Austroasiatic,,,,,,,,,,ຕໍ່ສູ້,ต่อสู้,,,,,,
towmeng,clear; transparent,Quality,Sinitic,,,,透明,,,,,,,,,,,,,
towsagi,rabbit / hare,Objects and Concept,Koreo-Japonic,토끼,うさぎ,,,,,,,,,,,,,,,
tuk,cheap,Quality,Austroasiatic,,,,,,,,,,ຖືກ,ถูก,,,,,,
twiluki'ye,Turkey (nation in Asia and Europe),Objects and Concept,Western: Turkish,,,,,,,,,,,,türkiye,,,,,
tya,tea,Objects and Concept,Sinitic,,,,茶,,,,,,,,,,,,,
uhe,cow,Objects and Concept,Altaic,,,,,,,,,,,,,,,,үхэр,
unci,poop,Objects and Concept,Koreo-Japonic,,うんち,,,,,,,,,,,,,,,
uncikaki,ankle biters; bad children,Objects and Concept,Compound,,,,,,,,,,,,,,,,,
uncwen,drive (e.g. a car),Action,Sinitic,,,,運轉,,,,,,,,,,,,,
utala,north,Quality,Sanskrit,,,उत्तर (úttara),,,,,,,,,,,,,,
uwe,up; above; over,Quality,Koreo-Japonic,위/우에,うえ,,,,,,,,,,,,,,,
wajaw,smile; laugh,Action,Koreo-Japonic,웃음,わらう,,,,,,,,,,,,,,,
wak,wok,Objects and Concept,Sinitic,,,,鑊,,,,,,,,,,,,,
wan,want,Action,Sinitic,,,,願,,,,,,,,,,,,,
wankok,bend,Action,Sinitic,,,,彎曲,,,,,,,,,,,,,
watnam'o,vietnamese (language),Objects and Concept,Sinitic,,,,越南語,,,,,,,,,,,,,
wi,for (objective - instrumental),Particle,Sinitic,,,,爲,,,,,,,,,,,,,
widyasata,science; a discipline of study,Objects and Concept,Sanskrit,,,विद्या + शास्त्र (vidyā + śāstra),,,,,,,,,,,,,,
wihem,danger,Quality,Sinitic,,,,危險,,,,,,,,,,,,,
winyan,soul,Objects and Concept,Sanskrit,,,विज्ञान (vijñāna),,,,,,,,,,,,,,
wisa,poison,Objects and Concept,Sanskrit,,,विष viṣá,,,,,,,,,,,,,,
yacay,vegetable,Objects and Concept,Sinitic,,,,野菜,,,,,,,,,,,,,
yaksyok,promise,Action,Sinitic,,,,約束,,,,,,,,,,,,,
yame,mountain; wilderness,Objects and Concept,Koreo-Japonic,뫼,やま,,,,,,,,,,,,,,,
yang,like; as; (nominal adverb marker),Particle,Sinitic,,,,樣,,,,,,,,,,,,,
yang,"positive energy (also see ""im"")",Quality,Sinitic,,,,陽,,,,,,,,,,,,,
ya'way,outdoors; outside,Objects and Concept,Sinitic,,,,野外,,,,,,,,,,,,,
yenghwa,movie,Objects and Concept,Sinitic,,,,映畵,,,,,,,,,,,,,
yok (ji) luwang,bathroom,Objects and Concept,Compound,,,,,,,,,,,,,,,,,
yong,use,Action,Sinitic,,,,用,,,,,,,,,,,,,
yusyaw,young,Quality,Sinitic,,,,幼少,,,,,,,,,,,,,
yu,because (causal - final),Particle,Sinitic,,,,由,,,,,,,,,,,,,
yu,right (direction),Quality,Sinitic,,,,右,,,,,,,,,,,,,
yuhan,finite,Quality,Sinitic,,,,有限,,,,,,,,,,,,,
yulopa,Europe,Objects and Concept,Western: Portuguese,,,,,,,,,,,,,,,Europa,,
,,,,,,,,,,,,,,,,,,,,
lammay,blueberry,Objects and Concept,Sinitic,,,,蓝苺,,,,,,,,,,,,,
maygwa,berries,Objects and Concept,Sinitic,,,,苺菓,,,,,,,,,,,,,
pokbonji ,blackberry; raspberry,Objects and Concept,Sinitic,,,,覆盆子,,,,,,,,,,,,,
pisaging,banana,Objects and Concept,Austronesian,,,,,pisang,pisang,saging,,,,,,,,,,
engdaw,cherry fruit,Objects and Concept,Sinitic,,,,櫻桃,,,,,,,,,,,,,
cawmay,strawberry,Objects and Concept,Sinitic,,,,草苺,,,,,,,,,,,,,
bodaw,grapes,Objects and Concept,Sinitic,,,,蒲萄,,,,,,,,,,,,,
siji,persimmon,Objects and Concept,Sinitic,,,,柿子,,,,,,,,,,,,,
pinggwa,apple,Objects and Concept,Sinitic,,,,苹果,,,,,,,,,,,,,
liji,pear,Objects and Concept,Sinitic,,,,梨子,,,,,,,,,,,,,
dawji,peach,Objects and Concept,Sinitic,,,,桃子,,,,,,,,,,,ananás,,
ananasi,pineapple,Objects and Concept,Western: Portuguese,,,,,,,,,,,,,,,,,
melon,(western) melon,Objects and Concept,Western: English,,,,,,,,,,,,,,,,,
syeygwa,watermelon,Objects and Concept,Sinitic,,,,西瓜,,,,,,,,,,,,,
limaw,Sour citrus fruits,Objects and Concept,Austronesian,,,,,,,,,,,,,,,,,
ceng limaw,"lime (fruit) (see ""limaw"")",Objects and Concept,Compound,,,,,,limau,limau,,,,,,,,,,
lweng limaw,"lemon (fruit) (see ""limaw"")",Objects and Concept,Compound,,,,,,,,,,,,,,,,,
day limaw,grapefruit; pomelo (see “limaw”),Objects and Concept,Compound,,,,,,,,,,,,,,,,,
gamgyut,orange (fruit); mandarin (fruit),Objects and Concept,Sinitic,,,,,,,,,,,,,,,,,
yuji,Yuzu citron,Objects and Concept,Sinitic,,,,柑橘,,,,,,,,,,,,,
dayday gamgyut,bitter orange (fruit),Objects and Concept,Compound,,,,柚子,,,,,,,,,,,,,
kiwi,kiwi (fruit); kiwi (bird); person from New Zealand,Objects and Concept,Austronesian: Maori,,,,,,,,,,,,,,,,,
sakula,cherry tree; cherry flower,Objects and Concept,Koreo-Japonic,,さくら,,,,,,,,,,,,,,,
u’i,cucumber; squash; Korean melon; gourd,Objects and Concept,Koreo-Japonic,오이,うり,,,,,,,,,,,,,,,
,,,,,,,,,,,,,,,,,,,,
syawmoligi,wheat,Objects and Concept,Koreo-Japonic,밀,こむぎ,,,,,,,,,,,,,,,
damoligi,barley,Objects and Concept,Koreo-Japonic,보리,おおむぎ,,,,,,,,,,,,,,,
moligi,dry grains,Objects and Concept,Koreo-Japonic,,むぎ,,,,,,,,,,,,,,,
kalnaw,powder; flour,Objects and Concept,Koreo-Japonic,가루,こな,,,,,,,,,,,,,,,
oksyoksyo,maize; corn,Objects and Concept,Sinitic,,,,玉蜀黍,,,,,,,,,,,,,
syoksyo,millet,Objects and Concept,Sinitic,,,,蜀黍,,,,,,,,,,,,,
kawlang,sorghum,Objects and Concept,Sinitic,,,,高粱,,,,,,,,,,,,,
banmey,cooked rice,Objects and Concept,Sinitic,,,,飯米,,,,,,,,,,,,,
numey,sticky rice,Objects and Concept,Sinitic,,,,糯米,,,,,,,,,,,,,
bekmey,white rice,Objects and Concept,Sinitic,,,,白米,,,,,,,,,,,,,
cawmey,brown rice,Objects and Concept,Sinitic,,,,糙米,,,,,,,,,,,,,
hangmey,long rice,Objects and Concept,Sinitic,,,,香米,,,,,,,,,,,,,
hekmay,wild rice,Objects and Concept,Sinitic,,,,黑米,,,,,,,,,,,,,
gyawmoligi,buckwheat (from 蕎 (gyaw) and ‘moligi’),Objects and Concept,Compound,,,,蕎麥,,,,,,,,,,,,,
,,,,,,,,,,,,,,,,,,,,
ojeko,squid,Objects and Concept,Sinitic,,,,烏賊魚,,,,,,,,,,,,,
muko,octopus,Objects and Concept,Sinitic,,,,墨魚,,,,,,,,,,,,,
ikan,fish,Objects and Concept,Austronesian,,,,,ikan,ikan,,,,,,,,,,,
kosilay,whale,Objects and Concept,Koreo-Japonic,고래,くじら,,,,,,,,,,,,,,,
haydon,dolphin,Objects and Concept,Sinitic,,,,海豚,,,,,,,,,,,,,
pating,shark,Objects and Concept,Austronesian,,,,,,,,pating,,,,,,,,,
kangi,crab,Objects and Concept,Koreo-Japonic,게,かに,,,,,,,,,,,,,,,
syawha,krill,Objects and Concept,Sinitic,,,,小蝦,,,,,,,,,,,,,
dayha,shrimp,Objects and Concept,Sinitic,,,,大蝦,,,,,,,,,,,,,
longha,lobster,Objects and Concept,Sinitic,,,,龍蝦,,,,,,,,,,,,,
syuyma,jellyfish,Objects and Concept,Sinitic,,,,水母,,,,,,,,,,,,,
laotsinga,sea lion,Objects and Concept,Compound,,,,,,,,,,,,,,,,,
haybyaw,seal,Objects and Concept,Sinitic,,,,海豹,,,,,,,,,,,,,
man’o,eel,Objects and Concept,Sinitic,,,,鰻魚,,,,,,,,,,,,,
,,,,,,,,,,,,,,,,,,,,
bati,bees; insects in general,Objects and Concept,Koreo-Japonic,벌,はち,,,,,,,,,,,,,,,
bamla,ants,Objects and Concept,Sanskrit,,,वम्र (vamrá),,,,,,,,,,,,,,
langaw,fly (insect),Objects and Concept,Austronesian,,,,,langau,langau,langau,langaw,,,,,,,,,
nyamuk,mosquito,Objects and Concept,Austronesian,,,,,nyamuk,nyamuk,lemut,lamok,,,,,,,,,
mattagi,grasshopper,Objects and Concept,Koreo-Japonic,메뚜기,ばった,,,,,,,,,,,,,,,
jakajan,cicada,Objects and Concept,Austroasia,,,,,,,,,,ຈັກຈັ່ນ,จักจั่น,,,,,,
hodep,butterfly,Objects and Concept,Sinitic,,,,蝴蝶,,,,,,,,,,,,,
kampukampu,moth,Objects and Concept,Austronesian,,,,,Kupu-kupu,Kupu-kupu,kupu,gamugamo,,,,,,,,,
komoy,spider,Objects and Concept,Koreo-Japonic,거미,くも,,,,,,,,,,,,,,,
cengleng,dragonfly,Objects and Concept,Sinitic,,,,蜻蛉,,,,,,,,,,,,,
gapjong,beetle,Objects and Concept,Sinitic,,,,甲蟲,,,,,,,,,,,,,
cawhengjong,stag beetle,Objects and Concept,Sinitic,,,,鍫形蟲,,,,,,,,,,,,,
sungojong,rhinoceros beetle,Objects and Concept,Compound,,,,,,,,,,,,,,,,,
mandatak,mantis,Objects and Concept,Austronesian,,,,,mentadak,mentadak,,mandadangkal,,,,,,,,,
byawjong,ladybug; ladybird,Objects and Concept,Sinitic,,,,瓢蟲,,,,,,,,,,,,,
kuto,louse; lice; ticks,Objects and Concept,Austronesian,,,,,kutu,kutu,kutu,kuto,,,,,,,,,
niknik,gnat,Objects and Concept,Austronesian,,,,,,,,niknik,,,,,,,,,
lipasi,cockroach,Objects and Concept,Austronesian,,,,,lipas,lipas,,ipis,,,,,,,,,
nemuk,mosquito,Objects and Concept,Austronesian,,,,,nyamuk,nyamuk,lemut,lamok,,,,,,,,,
,,,,,,,,,,,,,,,,,,,,
katak,frog/toad,Objects and Concept,Austronesian,,,,,katak,katak,,palaka,,,,,,,,,
tokok,lizard; gecko,Objects and Concept,Austronesian,,,,,tokek,tokek,tekèk,tuko,,,,,,,,,
awlasi,snake,Objects and Concept,Austronesian,,,,,ular,ular,,ahas,,,,,,,,,
penyu,turtle,Objects and Concept,Austronesian,,,,,penyu,penyu,,,,,,,,,,,
